date,volume,formatted_date,pct_change_2_days,log_return_2_days,pct_change_3_days,log_return_3_days,pct_change_14_days,log_return_14_days,pct_change_7_days,log_return_7_days
1580740200,236167500,2020-02-03,,,,,,,,
1580826600,304694000,2020-02-04,,,,,,,,
1580913000,242119000,2020-02-05,-0.058076907426882984,-0.059831650442418116,,,,,,
1580999400,199404000,2020-02-06,-0.15568278762484122,-0.16922701095146486,-0.039794824062249545,-0.04060829242101871,,,,
1581085800,85317500,2020-02-07,0.0181978761892696,0.018034276635630953,-0.15668615284608334,-0.17041609233723332,,,,
1581345000,123446000,2020-02-10,0.029801251307838728,0.02936582372708596,0.04978898966340117,0.048589181748485366,,,,
1581431400,58487500,2020-02-11,0.035170563736046434,0.03456620902022145,0.03394039321899078,0.033377127634453,,,,
1581517800,60112500,2020-02-12,-0.005173245562189566,-0.00518667312642318,0.025692743870207257,0.025368231986431233,,,-0.016294919527493956,-0.01642914182035593
1581604200,131446500,2020-02-13,0.03824992704400443,0.03753653326048756,0.04242302722408353,0.041547837167854595,,,-0.09363515022482827,-0.0983133500565243
1581690600,78468500,2020-02-14,0.04266968465717946,0.04178442850294495,0.03312320430220672,0.03258645146915473,,,0.08892060736085461,0.08518693712500713
1582036200,81908500,2020-02-18,0.06766162573094858,0.0654708604968901,0.11874259410563148,0.11220537079116788,,,0.14612251750041172,0.13638452139183066
1582122600,127115000,2020-02-19,0.14673198073688232,0.13691614103999683,0.1410695898507799,0.131966059248664,,,0.2263825275471354,0.204068801529373
1582209000,88174500,2020-02-20,0.0477749968447867,0.04666886518081892,0.12422038854477901,0.11708980746904185,,,0.16612648861382473,0.15368756284556362
1582295400,71574000,2020-02-21,-0.017898000358758326,-0.018060106733278403,0.049627240423705254,0.048435092018495496,,,0.16351138143089128,0.15144248577587316
1582554600,75961000,2020-02-24,-0.07295898368164144,-0.07575746809699968,-0.09115780402961982,-0.09558380166795466,0.06896151029146624,0.06668762605463119,0.08666868913395143,0.08311676787498712
1582641000,86452500,2020-02-25,-0.1121975730395991,-0.11900605290673116,-0.11062812697566582,-0.11723982606905459,-0.0982459342249632,-0.10341345044786987,-0.005087116960988292,-0.005100100391345563
1582727400,70427500,2020-02-26,-0.06595186670780628,-0.06822730750707162,-0.13562709686630026,-0.14575100244174788,0.06002444479982061,0.05829196898997768,-0.026536519160077154,-0.02689496813502945
1582813800,121386000,2020-02-27,-0.15115445730777965,-0.16387803773507414,-0.18564622608533976,-0.20536039570712905,-0.09340955257274564,-0.09806447723147915,-0.20899342471305338,-0.2344489986233098
1582900200,122821000,2020-02-28,-0.14228292299865786,-0.15348098095738205,-0.16491848028247202,-0.18022593049239877,-0.10704874798357544,-0.11322328860303532,-0.27188195203465637,-0.31729209013240833
1583159400,100975000,2020-03-02,0.0951693349134457,0.09090899506892214,-0.045172032174729204,-0.04622409313113529,-0.035862448130789426,-0.036521305889642974,-0.1732135739277465,-0.1902088687352066
1583245800,128920000,2020-03-03,0.11604961875872233,0.10979532422408234,0.0979528840515207,0.09344743146675771,-0.037281449748442164,-0.037994173399174436,-0.17257487497234236,-0.1894366591750476
1583332200,75245000,2020-03-04,0.007907230042015989,0.007876131725340407,0.12202267859930904,0.11513301955158717,-0.023185489383886315,-0.023458501037879387,-0.10109261416687076,-0.1065752689128665
1583418600,54263500,2020-03-05,-0.02812839601991457,-0.028531577917661366,-0.025658227910439257,-0.02599314151982579,-0.09883083326746178,-0.10406228457732336,-0.09422303993102255,-0.0989621841859778
1583505000,63314500,2020-03-06,-0.061400901439212285,-0.06336683603056148,-0.056377550785448705,-0.05802914070305665,-0.12068296161614278,-0.12860976557138581,-0.09671286525801082,-0.10171479743635636
1583760600,85368500,2020-03-09,-0.1608469202588565,-0.1753621341624152,-0.18879250550140958,-0.2092314074075814,-0.2917054772726869,-0.34489527923662866,-0.10456556891404956,-0.11044628061331885
1583847000,77972000,2020-03-10,-0.08266052306707561,-0.0862776713815121,-0.1093246058021684,-0.11577523416690738,-0.2965817247628174,-0.35180357799289474,-0.03392275853782534,-0.03451148786048641
1583933400,66612500,2020-03-11,0.043141465979393834,0.042236800550257136,-0.09843917778925204,-0.10362777082676278,-0.2948377380564703,-0.34932734386719044,-0.14710469390083447,-0.15911847513198385
1584019800,94545500,2020-03-12,-0.13137460218864672,-0.14084331936950534,-0.07804274656951737,-0.08125641937399752,-0.37785792170378185,-0.4745867906291217,-0.24809863819953215,-0.2851501314540741
1584106200,113201500,2020-03-13,-0.13813603173206435,-0.14865783020561185,-0.15296048256487083,-0.16600792965086253,-0.34441525816724694,-0.4222277059758026,-0.27068711174829085,-0.3156524370629361
1584365400,102447500,2020-03-16,-0.20601195741367406,-0.23068687756335482,-0.2982514271808321,-0.3541800974876095,-0.44359988669074013,-0.5862676152857453,-0.385720615738682,-0.48730543109976754
1584451800,119973000,2020-03-17,-0.21298156960050074,-0.2395036122881189,-0.2325394661751261,-0.2646682225694761,-0.4476116849647729,-0.5935040107568499,-0.38846874510948415,-0.4917892133204935
1584538200,118931000,2020-03-18,-0.18839729317371723,-0.20874433586319174,-0.3391752501776951,-0.41426660314518937,-0.4680117697172371,-0.6311339134138629,-0.4058881233351873,-0.5206876328005441
1584624600,150977500,2020-03-19,-0.005950732591231911,-0.005968508756303947,-0.03916237966415892,-0.039949853762425214,-0.3598108110361523,-0.4459915385557718,-0.33733125935674646,-0.41148005069528537
1584711000,141427500,2020-03-20,0.18357223856884541,0.16853718619013858,-0.006206464501901321,-0.0062258046669319,-0.4250692741887163,-0.5535057222926465,-0.32590703489645323,-0.39438724716066265
1584970200,82272500,2020-03-23,0.015550484437294676,0.015430814674883386,0.20228666389415917,0.18422529677564992,-0.417459197103755,-0.5403560481049707,-0.2252430538211555,-0.25520591665089665
1585056600,114476000,2020-03-24,0.18120370375327388,0.1665340064679448,0.18089982396586857,0.16627671055731685,-0.3262174508843074,-0.3948478475500421,-0.07614062500545216,-0.07919541048710599
1585143000,106113500,2020-03-25,0.24168178350993963,0.21646673772818037,0.2613150262120474,0.2321548483136917,-0.25573470801566567,-0.295357732459129,0.21160714660695756,0.19194769864063854
1585229400,86903500,2020-03-26,0.045861423605739526,0.044840874653701235,0.21614591293611785,0.1956867705361347,-0.24921814105790552,-0.2866401368657794,0.22770807368874224,0.20514907645471414
1585315800,71887000,2020-03-27,-0.04615667034400894,-0.04725584569945429,0.018534669781675506,0.01836499614629261,-0.1540131337267867,-0.1672514439961681,0.4239521199649472,0.353436188804376
1585575000,59990500,2020-03-30,-0.049284318153945406,-0.050540228701069445,-0.0688363104007006,-0.07132019589311511,-0.22190191865691056,-0.2509026941853367,0.17418860075969245,0.16057735650994864
1585661400,88857500,2020-03-31,0.018741750650547617,0.01856828801921573,-0.007876407742124836,-0.007907590488192895,-0.17380128268089678,-0.1909199565272095,0.22564506691178954,0.20346729063345315
1585747800,66766000,2020-04-01,-0.0409655461729691,-0.04182827791711663,-0.06376861617253327,-0.06589262811077745,-0.14091520885186692,-0.15188765273294802,0.10884425804144038,0.10331826391794863
1585834200,99292000,2020-04-02,-0.13269089174078752,-0.14235983949144337,-0.094915709801621,-0.09972720127856682,-0.16858147092167353,-0.18462196581304102,-0.10005943373878401,-0.10542655532593503
1585920600,22562100,2020-04-03,-0.003218680641955407,-0.0032238717364698743,-0.08395041883773169,-0.08768478786646305,0.07850449330660214,0.07557535309393693,-0.10985627946575138,-0.11637234554670162
1586179800,14901800,2020-04-06,0.13591660932351757,0.12743991031887703,0.07201599897843813,0.06954098695742683,0.19999999999999996,0.1823215567939549,-0.02256894312463964,-0.022827519660759243
1586266200,17919800,2020-04-07,0.1363304679725481,0.1278041828997445,0.20018922819506813,0.1824792345247248,0.5100214739080506,0.41212387185687316,0.06044399438460202,0.058687683052497164
1586352600,12656000,2020-04-08,0.06314888979630573,0.061235155211273984,0.14339283554371884,0.1340000139051707,0.28341593277483623,0.24952522076153283,0.09302366923377936,0.08894786425158419
1586439000,13650000,2020-04-09,0.050508775517454696,0.049274594925765136,0.10994883440545955,0.10431391913161292,0.34025685789852855,0.2928612805924997,0.09351140397890378,0.08939398995904657
1586784600,22475400,2020-04-13,0.18604698199709446,0.17062591361646984,0.19341834092799282,0.17682174462189604,0.49888323332149276,0.4047203197031193,0.35175271229611726,0.30140205578517065
1586871000,30576500,2020-04-14,0.2389005123611172,0.21422430270078863,0.2934370649655802,0.25730306662112756,0.40572274085318694,0.34055157682534354,0.5620173082020652,0.4459781321512786
1586957400,23577000,2020-04-15,0.12117674691390157,0.11437880063026817,0.2736998722642279,0.24192595032639908,0.3534168334086134,0.3026323826052071,0.5204475436801557,0.4190047281519087
1587043800,20657900,2020-04-16,0.04975426318182152,0.048556101714020805,0.14480378409522965,0.13523325471867853,0.41095503357866625,0.3442668038856631,0.44353407194691585,0.36709432354642235
1587130200,13128200,2020-04-17,0.03296655623420719,0.03243481423509831,0.06198145662339449,0.060136461860708756,0.46568548742665095,0.3823230425397597,0.3821432298055676,0.3236353594872625
1587389400,14746600,2020-04-20,0.0015431604249021014,0.0015419709763699885,0.022649107863786266,0.022396425064780345,0.48638798174008024,0.39634900356310254,0.3598863625543014,0.30740113931151836
1587475800,20209100,2020-04-21,-0.08909791712438753,-0.09331987062117264,-0.07848802834918689,-0.08173951047448469,0.3105342570724412,0.2704348838993713,0.19846418821410317,0.18104089394032474
1587562200,14224800,2020-04-22,-0.01909270354064163,-0.019277322904149408,-0.028890175033120302,-0.02931571207446737,0.5202882553803505,0.41889995857606976,0.12467927125365619,0.11749790279089911
1587648600,13236700,2020-04-23,0.027536791565714758,0.02716447362380947,-0.054571493116923886,-0.05611700782704521,0.5526438647139276,0.43995919701462416,-0.006000857633854828,-0.006018935136654413
1587735000,13237600,2020-04-24,-0.009506756627197133,-0.009552234297586892,0.05596170904133069,0.05445192424911838,0.5106976983708562,0.41257159601495275,-0.006412483843869166,-0.006433132136955955
1587994200,20681400,2020-04-27,0.1319671214771505,0.12395693472769498,0.09102459463988422,0.08711724980479918,0.5472454507607447,0.4364762214234421,0.07184546650426604,0.06938189787701976
1588080600,15222000,2020-04-28,0.06063577481675875,0.05886851588628694,0.08997631485222901,0.08615596651159585,0.41006517820850696,0.3436359290014952,0.020201921046104188,0.02000056951423268
1588167000,16216000,2020-04-29,0.0022034742089691584,0.002201050119966297,0.10392337000927743,0.09887053422235237,0.4585490151840719,0.3774421163321344,0.07255213034451669,0.07004097702061607
1588253400,28471900,2020-04-30,0.016590401160201163,0.016454283885164678,-0.02112045646273475,-0.02134668433093445,0.364537601764374,0.31081561796089474,0.13857186154034862,0.12977472402057
1588339800,32531800,2020-05-01,-0.12390848844096869,-0.13228472825182358,-0.08815267517837999,-0.09228270991575815,0.07737925292295067,0.07453147446384101,-0.04205645070525865,-0.042966428327058104
1588599000,19237100,2020-05-04,-0.026461863079559445,-0.0268182798776877,-0.04911867538976855,-0.05036601432858845,0.07226478746693865,0.06977303538241841,0.07873814147815827,0.07579197051907283
1588685400,16991700,2020-05-05,0.095377217253231,0.09109879458740622,-0.017483556717639237,-0.017638199213516614,0.05258755253486602,0.05125146842097905,0.05938081489488445,0.057684600557935006
1588771800,11123200,2020-05-06,0.028100734985321285,0.027713153463003515,0.11586720772573522,0.10963186738623865,0.0501469293892256,0.04893008713140112,-0.020244090956328287,-0.020451810745618637
1588858200,11527700,2020-05-07,0.015399417742352206,0.015282050104119094,0.02476378335523366,0.02446213076829018,0.03468672970707454,0.03409870428999984,0.01419798214663004,0.014098134775767157
1588944600,16130100,2020-05-08,0.04707503329536733,0.04600059435913906,0.06666148910099245,0.06453366715797149,0.09788841310518892,0.09338871051417019,0.023622425468992292,0.023347733493554124
1589203800,16519600,2020-05-11,0.04006204922859036,0.039280374093330295,0.03668627423644888,0.03602935139861696,0.181398550557184,0.16669894900450277,0.0376143926118957,0.036924224983932774
1589290200,15906900,2020-05-12,-0.012215950724663083,-0.012291178732920294,0.037651968771945654,0.0369604383209321,0.105585274229276,0.1003748546853993,0.15412361724574652,0.1433412830124574
1589376600,19065500,2020-05-13,-0.025058822201784126,-0.025378140267613425,-0.034731891151664085,-0.03534938322813552,0.12092735149100964,0.11415633511307988,0.0391097787226109,0.03836436459400705
1589463000,13682200,2020-05-14,-0.007511665222466157,-0.00754001986262498,-0.009811505641477036,-0.009859955635023177,0.10781218864042441,0.10238706912036122,0.045716680031009815,0.04470246856242621
1589549400,10518400,2020-05-15,0.01037978075426027,0.010326280723930381,-0.012651215715868025,-0.012731923771284848,0.0005258193038439885,0.0005256811093152791,0.02119906608212796,0.020977491854933916
1589808600,11698100,2020-05-18,0.012821614740507137,0.012740113748478166,0.028661351671042556,0.028258298381068414,0.05787128472246339,0.05625866698255244,0.04306191034160323,0.042160532206785284
1589895000,9636500,2020-05-19,0.011061509911186596,0.011000778851500748,0.005825779172559331,0.00580887494284088,0.009369026952249948,0.00932540984084973,-0.013924468790542432,-0.014022323652704394
1589981400,7309300,2020-05-20,0.0023720953740435924,0.0023692863970428135,0.02050877714028454,0.020301304054180846,0.04307561343596156,0.04217366949443058,0.005263246985538483,0.005249444510497803
1590067800,12254600,2020-05-21,0.024244744163042675,0.02395550603118224,0.017170005919689313,0.017024267225544953,0.1800604242096302,0.16556564412385555,0.022473161952772713,0.02222436111139814
1590154200,9987500,2020-05-22,0.0016185661946985785,0.001617257728137922,0.010977599412468342,0.01091778293081802,0.07316175991548612,0.0706092071002562,0.032770340429993494,0.03224484250624915
1590499800,40448500,2020-05-26,-0.010548587193071501,-0.010604617917277182,0.004058576716969187,0.004050362911224958,0.06594553505473488,0.06386223161917215,0.019344489200578963,0.019159763056745938
1590586200,57747500,2020-05-27,0.004100958157319257,0.0040925721477131916,-0.008905262115696644,-0.008945150952651026,0.048110087582341476,0.046988625784965876,0.02635237574536653,0.02601113393003196
1590672600,36278000,2020-05-28,-0.01594880431950041,-0.016077355152710915,-0.013551589099104255,-0.013644249969623878,0.03303681287619309,0.03250282636234214,-0.009611219972673557,-0.009657705844443143
1590759000,59062500,2020-05-29,0.018007111764119843,0.017846904119764417,0.019697863421103357,0.019506371084390572,0.019013431838322603,0.018834935545591236,0.033403019937494616,0.03285725919829563
1591018200,74697500,2020-06-01,0.11453067261584149,0.10843339487902437,0.09493672122355301,0.0906965727616873,0.10700242812030392,0.10165584714803622,0.10120650629558825,0.09640640263753841
1591104600,67828000,2020-06-02,0.05576045784407757,0.054261320389369594,0.0940047508439048,0.08984504662647108,0.08913895515538117,0.08538743466788112,0.06520053110762003,0.06316307355648298
1591191000,39747500,2020-06-03,-0.01685781071285608,-0.017001520987141916,0.057437097241064716,0.055848147654780966,0.11631431260936465,0.11003246642850772,0.08089307845981275,0.07778762392225858
1591277400,44438500,2020-06-04,-0.019488120200959247,-0.019680517356880145,-0.03754586471683996,-0.03826886560943343,0.07599620757370285,0.07324693717362596,0.05557661710375572,0.05408717411688002
1591363800,39059500,2020-06-05,0.0030579446378089514,0.0030532786349377616,0.004650887861762598,0.004640105900349134,0.1082248094274294,0.1027594643395151,0.07977029684625103,0.07674833040948315
1591623000,70873500,2020-06-08,0.09896102263786499,0.09436520858495889,0.07583581731930322,0.07309786396266738,0.16750854782322255,0.15487203201010669,0.17883862516193805,0.16452973785454983
1591709400,56941000,2020-06-09,0.0621118638434881,0.060259250458554625,0.08825976411174907,0.0845798737157839,0.1641811169351668,0.15201793594656898,0.12655091428471188,0.11916067674827335
1591795800,92817000,2020-06-10,0.07909087864377451,0.07611890760766471,0.157385396919143,0.14616349293539432,0.25686641767951013,0.22862165322072858,0.14135396993571625,0.13221525058319017
1591882200,79582500,2020-06-11,0.03419897725383336,0.03362719205456166,0.024128346544408208,0.023841857185386672,0.17549533676778983,0.1616896219699484,0.10354370133995583,0.09852654841346542
1591968600,83817000,2020-06-12,-0.08757619253717841,-0.09165069568257955,-0.005729973924433529,-0.005746453205739854,0.14494167839574268,0.1353536998100111,0.059255259574049646,0.05756607588775253
1592227800,78486000,2020-06-15,0.018564201917183,0.018393990453756004,-0.03331545785113876,-0.033883059968522034,0.2100821263730781,0.1906882303409816,0.1463707198187545,0.13660105622410157
1592314200,70255500,2020-06-16,0.050091925035374185,0.04887770799009772,0.009549369753830472,0.009504062729796203,0.19738359111439685,0.18013883565239563,0.1089243653133134,0.10339050524291249
1592400600,49454000,2020-06-17,0.0008982189917341454,0.0008978158344534748,0.06042041938176834,0.058665451548510994,0.2307988145708073,0.20766340132814598,0.04407744054172946,0.04313366347359615
1592487000,48759500,2020-06-18,0.022227264655393597,0.021983839521667825,0.013180012448486655,0.013093911797708024,0.2023473499777788,0.18427577105429904,0.06728185537996123,0.06511509430602569
1592573400,43398500,2020-06-19,0.009185366615408697,0.009143437694907774,0.019111512227089067,0.01893118125332105,0.1144638576856658,0.10837344414402938,-0.02355983591274924,-0.023841806439160784
1592832600,31812000,2020-06-22,-0.009602020806126266,-0.009648417447794877,0.002550926606146753,0.0025476785154596726,0.127909628419677,0.12036603321713457,0.022079711977092575,0.02183948480366915
1592919000,31826500,2020-06-23,0.000879259357956963,0.0008788730358828545,-0.0021714242723954724,-0.0021737852324639206,0.13457012893569953,0.12625383816705416,0.0711017185715328,0.06868776227930162
1593005400,54798000,2020-06-24,-0.0336611970872458,-0.03424077860723074,-0.04001396143424385,-0.04083653778667884,0.1116059505002911,0.10580577196678398,-0.030325939695982185,-0.03079528425731759
1593091800,46272500,2020-06-25,-0.015771944028767804,-0.015897644584650372,-0.008387638189358504,-0.008423012369319416,0.11327142996572426,0.10730291494746602,0.003920073170349037,0.003912409704553532
1593178200,44274500,2020-06-26,-0.0011552277888619011,-0.0011558955788331104,-0.041965324936211634,-0.042871306401394804,0.010337736775117401,0.010284667802991976,-0.032315326868001204,-0.032848995670604175
1593437400,45132000,2020-06-29,0.02370228600951907,0.023425748026490112,0.05047612551733738,0.04924351426440143,0.07301174819843381,0.07046941251540151,0.005368678188980125,0.005354318209375819
1593523800,84592500,2020-06-30,0.12510684046048248,0.11787800044529195,0.0951642353346096,0.09090433862854752,0.05342183991928873,0.05204376064061922,0.07883911238329522,0.07588556707978
1593610200,66634500,2020-07-01,0.10925843507875288,0.10369171555606282,0.16659718856959693,0.15409112539929737,0.15088813546136182,0.14053393601690267,0.12602580989999734,0.11869445121323352
1593696600,86250500,2020-07-02,0.11932649421484176,0.11272715997587657,0.19746371662900408,0.18020575057793398,0.29229746677149393,0.25642161629907534,0.20651236419913244,0.18773385401977372
1594042200,102849500,2020-07-06,0.22502976787936446,0.2029651440111282,0.27020495452434146,0.2391782689651336,0.3841761008148801,0.32510508957427486,0.42746532827835493,0.35590037383159245
1594128600,107448500,2020-07-07,0.14991805404166159,0.1396906824811559,0.2413564803893149,0.21620471750302706,0.41514866727766253,0.3472345907901335,0.409622842592106,0.34332218108558
1594215000,81556500,2020-07-08,-0.004155844387012442,-0.004164503908373085,0.13007794145086882,0.12228660508088396,0.3771866651178999,0.3200427698314483,0.42317709823853145,0.3528917655020525
1594301400,58588000,2020-07-09,0.0031801862550344673,0.0031751401582473804,0.016550175234989917,0.01641471365014624,0.3887803159865355,0.3284258914267131,0.38136421604879667,0.32307157321733726
1594387800,116688000,2020-07-10,0.13088264881894296,0.12299843296989277,0.11137096361608712,0.10559435556962082,0.5432610849183885,0.4338977651064333,0.4304830694440853,0.3580121980266533
1594647000,194927000,2020-07-13,0.07371546846294619,0.0711250340440781,0.09604062188492546,0.09170425160259743,0.5056118236280276,0.40919934291858606,0.3371024095457824,0.29050489170535254
1594733400,117090500,2020-07-14,-0.01802999856366949,-0.018194519529792785,0.08787330700024398,0.08422469588158066,0.5141047989605294,0.41482437254075766,0.2549434584249559,0.22709051852098394
1594819800,81839000,2020-07-15,0.03269745020248438,0.032174262632895356,0.0008804686507521975,0.000880081265600019,0.6090024394847313,0.47561438415871216,0.1271744452282606,0.1197140103271197
1594906200,71504000,2020-07-16,-0.01065399124792521,-0.01071115136411116,0.002391365236957377,0.002388510473391392,0.5219780929794451,0.42001086576129687,0.07970589507526205,0.07668868467571688
1594992600,46650000,2020-07-17,-0.029217135410811612,-0.029652456100065727,-0.01052210653387653,-0.010577855304672923,0.5637985408645683,0.44711782363747954,0.09880811235656073,0.09422605813542706
1595251800,85607000,2020-07-20,0.09486624460552218,0.09063220476223233,0.06273572135459671,0.06084645260272836,0.6277803242267883,0.4872173224970391,0.17838605149540587,0.16414574927970182
1595338200,80786500,2020-07-21,0.044988132764600675,0.044005529146168065,0.04512743484886106,0.0441388252056063,0.4524406558307379,0.37324535233835565,0.015349770196990686,0.015233154311702357
1595424600,70805500,2020-07-22,-0.03083993456273537,-0.03132549452334299,0.06095921015910588,0.0591734141794511,0.4221930937429601,0.35220011241763327,0.06363812045337891,0.06169522071228073
1595511000,121642500,2020-07-23,-0.03525333310502288,-0.03588973346026858,-0.07908092498164632,-0.0823831130168946,0.25185751326145933,0.2246284589022105,-0.0024590312358533373,-0.002462059618773438
1595597400,96983000,2020-07-24,-0.11010911414447655,-0.11665642393429909,-0.09650846571121352,-0.10148853890101606,0.03311503543247829,0.032578544472205984,-0.08344707440269772,-0.08713546585491372
1595856600,80243500,2020-07-27,0.01753388645647025,0.01738194142278182,-0.03311496322071572,-0.033675677070769794,0.10773757858793886,0.10231971784383642,0.025962332557907253,0.025631033168119544
1595943000,79043500,2020-07-28,0.041983099894674414,0.04112572428858652,-0.024176043378536738,-0.024473081152160958,0.08098079513767131,0.07786877266916559,-0.01622423152724639,-0.016357285466261473
1596029400,47134500,2020-07-29,-0.026299110508573698,-0.026651117480922082,0.05794635647137958,0.056329629382607216,0.07518577457225151,0.07249346020466696,-0.08757764638523191,-0.09165228907503487
1596115800,38105000,2020-07-30,0.0074500391419263234,0.007422424668112271,-0.0338465417426872,-0.03443259790683051,-0.0370051698021282,-0.03770723563261491,-0.051563452847348645,-0.05294038994431727
1596202200,61235000,2020-07-31,-0.0455936633136097,-0.04666576877538553,-0.030972089093741717,-0.03146186368136483,-0.044286734700949903,-0.045297342614796676,-0.10146764494330596,-0.1069925633270774
1596461400,44046500,2020-08-03,-0.001673913315540343,-0.0016753158738262997,-0.00941222142410958,-0.009456796299734727,-0.02096514259846083,-0.021188031976648425,-0.01855173064774951,-0.018725972357874987
1596547800,42075000,2020-08-04,0.03930772988885445,0.038554847176087925,-0.00032938691360462347,-0.0003294411733891778,-0.03816922953778501,-0.03891675807160411,0.04940014220717903,0.04821870778330961
1596634200,24890000,2020-08-05,1.3460615267302245e-05,1.3460524673547525e-05,0.03792386368277989,0.03722243300032435,-0.010408868937548443,-0.010463420087863717,-0.035450815630604926,-0.03609445325598326
1596720600,29961500,2020-08-06,0.0017350074698290197,0.0017335040830426252,0.0030841249408144478,0.003079378783479747,-0.007502512478516188,-0.007530797888495755,0.008865555879944198,0.008826487577765718
1596807000,44482000,2020-08-07,-0.02175730179742008,-0.021997482061991924,-0.023059858270782052,-0.0233298962377555,-0.1158186646655952,-0.12309310691208797,-0.030951694868588064,-0.0314408178370531
1597066200,37611500,2020-08-10,-0.047671144079390215,-0.048844866948961396,-0.044746901197434075,-0.0457789486901552,-0.09550743481186375,-0.10038119398362522,-0.04633307530845532,-0.04744080403930795
1597152600,43129000,2020-08-11,-0.05391303799808411,-0.05542078814894147,-0.07733050771498096,-0.08048418846973959,-0.13686865231296186,-0.14718840053768645,-0.039398700748424664,-0.04019583721060904
1597239000,109494000,2020-08-12,0.09600515879760008,0.09167189544686316,0.07024803371258592,0.06789042881869989,0.027553192519283787,0.027180434923506525,0.046976417002051685,0.04590640728138151
1597325400,102126500,2020-08-13,0.1794324141947743,0.1650333178379153,0.14270012929263376,0.1333939963171371,0.14396619332832317,0.13450134123452795,0.09011438756073109,0.08628263345121834
1597411800,62888000,2020-08-14,0.06171371368424161,0.05988431367643532,0.20104922705186357,0.18319553064407668,0.07216804330419557,0.06968280717716002,0.11157425736165005,0.10577726043314328
1597671000,101211500,2020-08-17,0.1324120200470924,0.12434988886466591,0.18065809392719312,0.16607198973493986,0.24324575704102536,0.21772550581060734,0.23232055033998278,0.20889901823284163
1597757400,82372500,2020-08-18,0.14319899080179854,0.13383046484953987,0.16415171208125168,0.15199267765570124,0.25880692757248225,0.23016438950762197,0.299013600154614,0.2616052073446751
1597843800,61026500,2020-08-19,0.023365156420796174,0.023096369927085192,0.1380133263783183,0.12928404598558974,0.2628858396863325,0.23339945106958027,0.3242420461366027,0.2808402551088882
1597930200,103059000,2020-08-20,0.060802606371206824,0.059025797432874505,0.09053520143307803,0.08666858622390983,0.3991374725394383,0.335855955715882,0.4565225693839219,0.37605179292649105
1598016600,107448000,2020-08-21,0.09126819673963427,0.0873405031663319,0.08631809556753711,0.08279408430238178,0.3804579198561133,0.32241527010973847,0.31851863847035244,0.27650886282835696
1598275800,100318000,2020-08-24,0.006179343500777756,0.006160329646283991,0.07222137294582276,0.06973254594310863,0.35453935644029166,0.30346143818607807,0.24256625900630935,0.21717880473485973
1598362200,53294500,2020-08-25,-0.012995255810138273,-0.013080432883548987,0.01074517312154799,0.010687853985958284,0.3625001759617814,0.30932137670151594,0.22573923148932074,0.20354411626837265
1598448600,71197000,2020-08-26,0.0689951509292126,0.06671909595143433,0.050337077380455675,0.049111138728211046,0.44548807117640843,0.36844703005446977,0.17298057780308485,0.15954801182162814
1598535000,118465000,2020-08-27,0.10646258367451189,0.1011680649119322,0.11148347748578602,0.10569558925160649,0.5410853234290709,0.43248692367544006,0.18635041484218817,0.170881716330765
1598621400,100406000,2020-08-28,0.02797268658562113,0.027588597210758792,0.09393377652051127,0.08978016882251882,0.5603037193682947,0.44488049421418996,0.1782617263365016,0.16404023910530174
1598880600,118374400,2020-08-31,0.11294250658675331,0.10700741470289099,0.15717756660311122,0.14598390800306316,0.8128770732575998,0.5949151265272725,0.24466116170407748,0.21886333360078147
1598967000,90119400,2020-09-01,0.07312278768581093,0.07057289110504161,0.06097149702505589,0.05918499501562824,0.5277277333274448,0.4237814898723684,0.15866980469824932,0.14727262704401145
1599053400,96176100,2020-09-02,-0.10224356128226253,-0.10785647384069197,0.010594566095154967,0.010538836951612396,0.37991973557206715,0.32202533484866525,0.11054016280435675,0.10484653011380551
1599139800,87596100,2020-09-03,-0.1432480571342012,-0.15460685051385514,-0.18325575128835592,-0.2024292702011179,0.2328028609108832,0.20929032568207795,0.005762750542772421,0.005746209413705294
1599226200,110321900,2020-09-04,-0.06493503835758851,-0.06713927441449474,-0.11941897047995176,-0.12717332856792396,0.13943915445072963,0.1305361715695046,-0.02859503728115942,-0.029011840252123555
1599571800,115465700,2020-09-08,-0.18867323966811267,-0.20908439561642034,-0.2618861455637399,-0.30365719197684626,-0.1250814955940427,-0.13362453478388225,-0.26251258189820625,-0.30450625111464724
1599658200,79465800,2020-09-09,-0.12440238963896433,-0.13284864248169903,-0.10004914304841062,-0.10541512053576785,-0.02508875299383473,-0.025408840839279634,-0.1725851521653018,-0.18944907994458138
1599744600,84930600,2020-09-10,0.12455711803744074,0.11738928529127435,-0.11230639262710729,-0.11912863227107717,-0.07249866664816962,-0.07526104692548241,-0.2548162006742626,-0.2941243805262639
1599831000,60717500,2020-09-11,0.017582184293078784,0.017429405876836057,0.12873629164975786,0.12109868095748855,-0.09091796206985336,-0.09531993812877548,-0.21540888159513438,-0.24259256517278693
1600090200,83020600,2020-09-14,0.13001561710407783,0.12223145307483385,0.14562628730931815,0.1359514632854557,0.04165425213940854,0.04081007650306745,-0.062029193515159564,-0.06403645361073806
1600176600,97298200,2020-09-15,0.20669673828237412,0.18788665808752825,0.21118116605025827,0.19159605375374245,0.1114296425209318,0.10564715284230175,0.10506144905558967,0.09990094342859646
1600263000,72279300,2020-09-16,0.05276205830528746,0.051417242095738835,0.18523290491201827,0.1699392995043585,0.02583634132626189,0.02550822264737196,0.05603366329843995,0.054520062899495514
1600349400,76779200,2020-09-17,-0.05854237041564592,-0.060325934994409636,0.009079637774481508,0.009038665684498959,-0.054316040925111664,-0.055846847064040084,0.28230521072341563,0.24865940405060716
1600435800,86406800,2020-09-18,0.000882796365081262,0.0008824069295485515,-0.016920170099396503,-0.017064951653621208,-0.0011972503570656379,-0.0011979676338382816,0.2071366041553997,0.1882511123107431
1600695000,109476800,2020-09-21,0.06130888794297995,0.0595029463317287,0.017271832474968996,0.017124369920488824,-0.09818990198389976,-0.10335131543520237,0.21018478774241012,0.1907730650910615
1600781400,79580800,2020-09-22,-0.04052919406881561,-0.041373390332672066,0.001889375633245427,0.0018875930081163617,-0.10697816674566141,-0.11314424907155196,0.1382002833143472,0.12944831610123497
1600867800,95074200,2020-09-23,-0.1536082846675575,-0.16677300604930156,-0.13974897522985852,-0.1505310430583613,-0.14978655362899762,-0.16226784764381197,-0.09356086512193218,-0.0982313940330739
1600954200,96561100,2020-09-24,-0.08589680479389894,-0.08981180886178386,-0.137074710375365,-0.1474271621853962,-0.047198996204123156,-0.04834920741948068,-0.13778459595150838,-0.14825015084807713
1601040600,67208500,2020-09-25,0.07093283212057866,0.06853007439210046,-0.03981334231675049,-0.040627578333588765,-0.02624787434041631,-0.026598498837216766,-0.07791563895970544,-0.08111856173671228
1601299800,49719600,2020-09-28,0.08615488518508108,0.08264383121826135,0.1073720381436043,0.10198967508216672,0.2755519914797353,0.24337901941520101,-0.005266467910452155,-0.0052803846354061434
1601386200,50219300,2020-09-29,0.02879660993711508,0.028389779333576115,0.08066220915971178,0.07757400986177121,0.1441247371433203,0.13463992297805838,-0.05219945016592964,-0.05361118933268472
1601472600,48145600,2020-09-30,0.01854225387523245,0.018372442201441075,0.053198835426312874,0.051832042891507335,0.15530245596076098,0.14436217632536774,-0.04535037321369051,-0.04641088876569377
1601559000,50741500,2020-10-01,0.0694156008052964,0.06711233179834597,0.06400757519880251,0.062042510441855825,0.20240395523269772,0.1843228488995683,0.05640806179681723,0.05487453279833332
1601645400,71430000,2020-10-02,-0.032446826672736795,-0.032984896077035586,-0.009497246084826494,-0.009542632519104366,-0.010795478842784312,-0.010854172826501696,0.09130826670483638,0.08737722120657221
1601904600,44722800,2020-10-05,-0.050160681012661135,-0.05146244660104404,-0.007762096487359371,-0.007792378360629293,-0.05353970243462092,-0.055026255789004,0.09770747903751165,0.09322389505907314
1601991000,49146300,2020-10-06,-0.0026740835995935353,-0.002677665347830427,-0.07626738753231377,-0.07933262966528076,-0.06288482018559238,-0.06494908027007096,0.01630091498044206,0.016169481466641322
1602077400,43127700,2020-10-07,-0.0008927008300856354,-0.0008930995247657947,0.024597054964357712,0.0242994181916405,0.004416302929725058,0.004406579680639844,0.009734034822207471,0.009686964316045987
1602163800,40421100,2020-10-08,0.028841978174160232,0.028433876715219242,0.0005638525561053598,0.0005636936509825219,-0.03670695622026798,-0.03739761048440027,0.016345732177907912,0.01621357884828445
1602250200,28925700,2020-10-09,0.020456177890290306,0.020249760542983886,0.04835979632440046,0.04722684408245481,-0.0342464544088219,-0.03484660610810497,0.011631407474853805,0.011564282657588798
1602509400,38791100,2020-10-12,0.03845786497190162,0.03773679054212575,0.03997178576989624,0.03919358371787407,0.042594763073522834,0.04171257039039755,-0.013075722557247205,-0.013161962407935768
1602595800,34463700,2020-10-13,0.0291474513743879,0.028730742382346186,0.048671064554864474,0.047523709749581755,0.17428228808992818,0.16065714232354278,0.07603169875696869,0.07327992111697057
1602682200,48045400,2020-10-14,0.04295727000764349,0.04206020682623901,0.06290319767965147,0.061004030001129195,0.18956130283983685,0.17358458607842042,0.08367787006686367,0.08036069101934729
1602768600,35672400,2020-10-15,0.004992748274491143,0.004980325837733446,0.014876819514912043,0.014767245045189448,0.1019787129139762,0.09710739376917576,0.08430357256461107,0.08093791230253444
1602855000,32775900,2020-10-16,-0.046889171770240545,-0.048024088039448465,-0.01562740527064166,-0.015750800420665456,0.04385090381152357,0.0429166668207106,0.033787975657692204,0.033229702504664616
1603114200,36287800,2020-10-19,-0.040211232655059215,-0.041042052746977475,-0.0660524648320131,-0.06833501452802704,0.028062087580867257,0.027675561688622174,0.011527923060052014,0.011461982840337726
1603200600,31656300,2020-10-20,-0.040325722575670464,-0.04116134644326319,-0.060016044707626004,-0.061892472701662093,-0.016479819032850118,-0.016617121823993664,-0.02778801280781973,-0.02818140448158246
1603287000,32370500,2020-10-21,-0.019009753682626696,-0.019192762058073853,-0.03873359169193369,-0.03950368854665243,-0.056943923610177194,-0.05862953216779765,-0.044449409195402634,-0.04546756975986188
1603373400,39993200,2020-10-22,0.00912453448651207,0.009083157428848132,-0.011698299060941442,-0.011767262525836486,0.025777571855336356,0.025450931681890054,-0.0467032030373139,-0.047828989435080516
1603459800,33717000,2020-10-23,-0.004755843497916246,-0.004767188505952369,-0.0031047010262452712,-0.003109530609341604,-0.01186334307427761,-0.011934274072705975,-0.08816384995962523,-0.09229496509205326
1603719000,28239200,2020-10-26,-0.012940674170478284,-0.013025134131596339,-0.005583985868218733,-0.005599634599358971,0.015218096588670349,0.015103462898124143,-0.06371414585727009,-0.0658344494044103
1603805400,22686500,2020-10-27,0.009628385388477101,0.009582327889449793,-0.002606956121243731,-0.002610360148739943,-0.0014577830589764806,-0.001458846658490387,-0.034093798289968946,-0.034688549163155
1603891800,25451400,2020-10-28,-0.03392978444618633,-0.0345187605024746,-0.03473365118879468,-0.0353512065958812,-0.046722445028845594,-0.0478491743195697,-0.05758651517269031,-0.059311157159907424
1603978200,22655300,2020-10-29,-0.03261280574168535,-0.03315645595778083,-0.0224850391036423,-0.022741681974924433,-0.05338712771367371,-0.0548650631592551,-0.02633079538525962,-0.02668365867767264
1604064600,42511300,2020-10-30,-0.04428348592498621,-0.04529394329979297,-0.08627669012613903,-0.09022747778512397,-0.12267687258776239,-0.13087990816148842,-0.08186637541241037,-0.08541233840162654
1604327400,29021100,2020-11-02,-0.025119823634941363,-0.025440711572463748,-0.013570709317617724,-0.013663633044913581,-0.10330232791081773,-0.10903651711406503,-0.05937198682911271,-0.06120752767898452
1604413800,34351700,2020-11-03,0.09241311349834991,0.0883891148463043,0.031813664414488185,0.03131809301896116,-0.08107521111244742,-0.08455100014142314,0.007774026996915984,0.007743964950630122
1604500200,32143100,2020-11-04,0.05110983676208747,0.04984659334404107,0.0848881602825573,0.08147690359892046,-0.06215468185928252,-0.06417024960775741,0.0016655853456373215,0.0016641997966528876
1604586600,28414500,2020-11-05,0.03347488239141483,0.03292679640111551,0.09383033046853706,0.08968560099254042,-0.0035936430540843833,-0.0036001157008591633,0.03157672575441328,0.03108843346229584
1604673000,21706000,2020-11-06,0.021307427874513563,0.021083598535923898,0.014272277418395651,0.01417138728854006,-0.002042509557506844,-0.0020445983248560395,0.058938042069041074,0.057266558835051384
1604932200,34833000,2020-11-09,-0.03841673334920204,-0.039174116922072066,0.0006651118152638524,0.0006648907264272808,-0.0016115861777663554,-0.0016128861796680383,0.025387687204582177,0.0250707724980046
1605018600,30284200,2020-11-10,-0.04556349877723853,-0.04663416372569262,-0.06329752155522972,-0.06538957283826807,-0.029055529224060406,-0.02948599999247481,0.0575197822779574,0.05592633840915173
1605105000,17357700,2020-11-11,-0.0098039329323244,-0.009852307919220316,-0.02981743681878446,-0.030271015728716932,-0.02033867279249635,-0.020548351527736486,0.04149707800539959,0.04065917615124803
1605191400,19855100,2020-11-12,0.0034116981773042454,0.0034058915383292643,-0.022551392915946322,-0.022809564377866742,-0.02108740464118497,-0.021312919948193176,-0.028638792889022602,-0.0290568848988233
1605277800,19771100,2020-11-13,-0.020689005302404473,-0.020906021219876614,-0.004532569982351076,-0.004542873222900923,-0.028028930269134555,-0.02842923861601676,-0.029645139105508367,-0.03009343841266965
1605537000,26838600,2020-11-16,-0.008912991404443016,-0.00895294972161853,-0.021671921077606404,-0.021910206180264957,-0.039064699595010466,-0.0398481975592615,-0.06847908021360427,-0.07093663102155734
1605623400,61188300,2020-11-17,0.08105259571985934,0.07793519216344169,0.07249362463083342,0.0699864274022115,0.08765577385573553,0.08402471404989953,0.02711936926034242,0.026758155214848145
1605709800,78044000,2020-11-18,0.19248209712425535,0.1760369307739582,0.19128522557757033,0.17503274581356987,0.1845289549302087,0.16934518917247754,0.1552010714693468,0.14427441667447294
1605796200,62475300,2020-11-19,0.13056770810154283,0.12271990311539316,0.22343108994096972,0.2016592802392232,0.2866456499829535,0.25203856046508566,0.2166634341453606,0.19611222205593393
1605882600,32807300,2020-11-20,0.00610301375498401,0.006084465793922078,0.10869319442989389,0.10318201944405025,0.22246628901504373,0.20087036653886337,0.17375873137947084,0.16021119038761533
1606141800,50260300,2020-11-23,0.04522600410425892,0.044233133903488486,0.07235319718403477,0.06985548336875347,0.2310686083976976,0.20788257952226985,0.26736439481574714,0.23693946442109315
